site,lat,lng,zip,name,address,phone,email,web
"PizzaExpress","53.39393","-2.21677","SK8 1AA","Cheadle High Street","83-85 High Street, Cheadle, Cheshire, SK8 1AA","0161 491 1442","Cheadle.Manager@pizzaexpress.com",""
"PizzaExpress","53.42491","-2.23551","M20 6UR","Didsbury Lapwing Lane","95 Lapwing Lane, West Didsbury, Lancashire, M20 6UR","0161 438 0838","Didsbury.Manager@pizzaexpress.com",""
"PizzaExpress","53.4122","-2.1614","SK1 1SA","Stockport Redrock","Unit B02 Redrock, Bridgefield Street, Stockport, SK1 1SA","01612 592 060","Stockport.Manager@pizzaexpress.com",""
"PizzaExpress","53.32537","-2.23367","SK9 1PL","Wilmslow Alderley Road","26 Alderley Road, Wilmslow, Cheshire, SK9 1PL","01625 540 055","Wilmslow.Manager@pizzaexpress.com",""
"PizzaExpress","53.3489","-2.1197","SK12 1RD","Poynton Park Lane","41/43 Park Lane, Poynton, SK12 1RD","01625 872 200","Poynton.Manager@pizzaexpress.com",""
"PizzaExpress","53.37777","-2.34715","WA15 9SA","Hale Ashley Road","142 Ashley Road, Hale, Cheshire, WA15 9SA","0161 928 6644","Hale.Manager@pizzaexpress.com",""
"PizzaExpress","53.47273","-2.246992","M15 4FN","Manchester First Street","Unit 4, First Street North, Manchester, M15 4FN","0161 236 6777","Manchester8.Manager@pizzaexpress.com",""
"PizzaExpress","53.47551","-2.241082","M1 6FQ","Manchester Oxford Street","Unit B, St James Building, 61-95 Oxford St, Manchester, M1 6FQ","0161 2286665","Manchester6.Manager@pizzaexpress.com",""
"PizzaExpress","53.48052","-2.236217","M1 1RG","Manchester Piccadilly Gardens","Piccadilly Gardens, Manchester, M1 1RG","0161 237 1811","PiccadillyGardens.Manager@pizzaexpress.com",""
"PizzaExpress","53.4808","-2.243458","M2 4WQ","Manchester King Street","84-86 King Street, Manchester, M2 4WQ","0161 832 5435","Manchester7.Manager@pizzaexpress.com",""
"PizzaExpress","53.4703","-2.2945","M50 3AZ","Salford Quays Designer Outlet","G38 The Lowry Designer Outlet, Salford Quays, Lancashire, M50 3AZ","0161 877 3585","SalfordQuays.Manager@pizzaexpress.com",""
"PizzaExpress","53.4850731","-2.243108","M4 3TR","Manchester Corn Exchange","The Corn Exchange, Exchange Square, Manchester M4 3TR","01618346130","Manchester3.Manager@pizzaexpress.com",""
"PizzaExpress","53.46476","-2.34821","M17 8EQ","Manchester The Trafford Shopping Centre","Unit R8a, The Trafford Centre, Manchester, M17 8EQ","0161 747 2121","TraffordCentre.Manager@pizzaexpress.com",""
"PizzaExpress","53.30586","-2.37389","WA16 6EH","Knutsford King Street","117a King Street, Knutsford, Cheshire, WA16 6EH","01565 651 898","Knutsford.Manager@pizzaexpress.com",""
"PizzaExpress","53.26128","-2.12525","SK10 1EX","Macclesfield Market Place","4 Market Place, Macclesfield, Cheshire, SK10 1EX","01625 425 175","Macclesfield.Manager@pizzaexpress.com",""
"PizzaExpress","53.59468","-2.290124","BL9 0JX","Bury The Rock Shopping Centre","1 Rock Place, The Rock, Bury, Greater Manchester BL9 0JX","01617 633 655","Bury.Manager@pizzaexpress.com",""
"PizzaExpress","53.37047","-2.58065","WA4 2AG","Stockton Heath Grappenhall Road","3 Victoria Buildings, Grappenhall Rd, Stockton Heath, Cheshire, WA4 2AG","01925 860865","StocktonHeath.Manager@pizzaexpress.com",""
"PizzaExpress","53.25931","-1.91394","SK17 6BQ","Buxton Cavendish Arcade Shopping Centre","14 Cavendish Arcade, Buxton, Derbyshire SK17 6BQ","01298 24922","Buxton.Manager@pizzaexpress.com",""
"PizzaExpress","53.34945","-2.880391","L24 8QB","Liverpool Speke","Unit L12, New Mersey Retail Park, Speke Road, Speke, Liverpool, L24 8QB","01512020140","Liverpool.Speke@pizzaexpress.com",""
"PizzaExpress","53.26445","-2.87858","CH65 9JJ","Cheshire Oaks Designer Outlet","Unit 57, McArthurGlen Outlet Centre, Cheshire Oaks, Merseyside, CH65 9JJ","0151 355 6434","CheshireOaks.Manager@pizzaexpress.com",""
"PizzaExpress","53.36917","-1.495623","S11 8PR","Sheffield Ecclesall Road","Unit 3, 483 Ecclesall Road, Sheffield, Yorkshire, S11 8PR","0114 267 6626","Sheffield4.manager@pizzaexpress.com",""
"PizzaExpress","53.37895","-1.468252","S1 2PT","Sheffield St Pauls Place","Unit 1, City Lofts Tower, St Pauls Place, Sheffield, South Yorkshire, S1 2PT","0114 276 8808","Sheffield5.manager@pizzaexpress.com",""
"PizzaExpress","53.19003","-2.88814","CH1 1DA","Chester The Exchange","Unit 1, The Exchange, St Johns Street, Chester, CH1 1DA","01244 323 265","Chester.Manager@pizzaexpress.com",""
"PizzaExpress","53.40357","-2.98675","L1 8JQ","Liverpool ONE Shopping Centre","Unit P1, 13b Paradise Street, Liverpool One, Liverpool, L1 8JQ","0151 707 9977","Liverpool3.Manager@pizzaexpress.com",""
"PizzaExpress","53.3983231","-2.9904","L3 4BX","Liverpool Albert Dock","16 Monarch Quay, Pavilion Building, Liverpool, L3 4BX ","0151 7071566","LiverpoolKingsWaterfront.Manager@pizzaexpress.com",""
"PizzaExpress","53.75747","-2.70192","PR1 2AA","Preston Winckley Street","14-15 Winckley Street, Preston, PR1 2AA","01772 201 580","Preston.Manager@pizzaexpress.com",""
"PizzaExpress","53.40129","-1.414042","S9 2EP","Sheffield Valley Centertainment","Unit 10B, Valley Centertainment, Broughton Lane, Sheffield, South Yorkshire, S9 2EP","0114 244 1999","Sheffield3.Manager@pizzaexpress.com",""
"PizzaExpress","53.41306","-1.41246","S9 1EP","Sheffield Meadowhall Shopping Centre","54b The Oasis, The Meadowhall Centre, Sheffield, Yorkshire, S9 1EP","0114 256 9623","SheffieldMeadowhall.Manager@pizzaexpress.com",""
"PizzaExpress","53.794342","-1.75104","BD1 1EY","Bradford Broadway","Unit 18, Broadway Leisure Quarter, Bradford, BD1 1EY","01274 210 988","bradford.manager@pizzaexpress.com",""
"PizzaExpress","53.7439","-1.644497","WF17 9AD","Leeds Birstall Retail Park","Junction 27 Retail Park, Gelderd Road, Birstall, Leeds, West Yorkshire, WF17 9AD","01924 445900","Leeds8.Manager@pizzaexpress.com",""
"PizzaExpress","53.16746","-2.974128","CH4 0DE","Chester Broughton Retail Park","Unit 20, Broughton Retail Park, Chester CH4 0DE","01244 520 400","broughtonpark.manager@pizzaexpress.com",""
"PizzaExpress","53.73674","-2.96249","FY8 5EN","Lytham Clifton Street","82 Clifton Street, Lytham, Lancashire, FY8 5EN","01253 738 542","Lytham.Manager@pizzaexpress.com",""
"PizzaExpress","53.79799","-1.544538","LS1 6JL","Leeds Albion Place","4 Albion Place, Leeds, Yorkshire, LS1 6JL","0113 2422131","Leeds6.Manager@pizzaexpress.com",""
"PizzaExpress","53.79105","-1.532","LS10 1LU","Leeds Leeds Dock","Unit 1, Block H, Leeds Dock, Leeds, Yorkshire, LS10 1LU","0113 245 4445","Leeds4.Manager@pizzaexpress.com",""
"PizzaExpress","53.8026962","-1.544242","LS2 8BT","Leeds Arena","23 Merrion Way, Leeds, LS2 8BT","0113 221 1890","LeedsArena.manager@pizzaexpress.com",""
"PizzaExpress","53.8222","-1.578295","LS6 2UJ","Headingley Otley Road","Unit 9-10 Arndale Centre, Headingley, Leeds, Yorkshire, LS6 2UJ","0113 278 3828","Leeds5.Manager@pizzaexpress.com",""
"PizzaExpress","53.92469","-1.82234","LS29 8HF","Ilkley Station Road","11 Station Plaza, Station Road, Ilkley, West Yorkshire, LS29 8HF","01943 817776","Ilkley.Manager@pizzaexpress.com",""
"PizzaExpress","53.96289","-2.015766","BD23 1AJ","Skipton High Street","9 High Street, Skipton, North Yorkshire, BD23 1AJ","01756 790055","Skipton.Manager@pizzaexpress.com",""
"PizzaExpress","53.7727","-1.4713","LS9 0AS","Leeds Motorway Services","Leeds Skelton Lake Services, J45, M1, Leeds LS9 0AS","0113 468 8903","Leeds.pizzaexpressmanager@welcomebreak.co.uk",""
"PizzaExpress","53.71019","-1.3406","WF10 4TA","Castleford Xscape","Unit 11, Xscape, Castleford, West Yorkshire, WF10 4TA","01977 556 800","Castleford.Manager@pizzaexpress.com",""
"PizzaExpress","53.1069031","-1.311967","DE55 2JW","East Midlands Park Designer Outlet","East Midlands Designer Outlet, Mansfield Road, South Normanton, Derbyshire, DE55 2JW","01773 811555","eastmidlandspark.manager@pizzaexpress.com",""
"PizzaExpress","53.84501","-1.51096","LS8 2AL","Leeds Street Lane","96-98 Street Lane, Leeds, Yorkshire, LS8 2AL","0113 268 4509","Leeds3.Manager@pizzaexpress.com",""
"PizzaExpress","52.92418","-1.47816","DE1 3GL","Derby Iron Gate","25 Irongate, Derby, Derbyshire, DE1 3GL","01332 349 718","Derby.Manager@pizzaexpress.com",""
"PizzaExpress","52.9197","-1.4732","DE1 2PP","Derby Derbion Shopping Centre","Level 3, West Mall, Intu Shopping Centre, Derby, Derbyshire, DE1 2PP","01332 366406","Derby2.Manager@pizzaexpress.com",""
"PizzaExpress","53.51285","-1.10505","DN4 7NW","Doncaster Dome Leisure Point","The Dome Leisure Centre, Herten Way, Doncaster, DN4 7NW","01302 533088","Doncaster.Manager@pizzaexpress.com",""
"PizzaExpress","53.00294","-1.28199","NG16 2RP","Nottingham Giltbrook Retail Park","1B Giltbrook Retail Park, Ikea Way, Giltbrook, Nottingham, NG16 2RP","0115 938 2778","Nottingham3.Manager@pizzaexpress.com",""
"PizzaExpress","52.6875153","-2.01733851","WS11 7JZ","Cannock Designer Outlet","FB04, Designer Outlet West Midlands, Eastern Way, Cannock, WS11 7JZ","01543 201790","CannockDesignerOutlet@pizzaexpress.com",""
"PizzaExpress","53.99199","-1.53862","HG1 1JG","Harrogate Albert Street","2 Albert Street, Harrogate, North Yorkshire, HG1 1JG","01423 531 041","Harrogate.Manager@pizzaexpress.com",""
"PizzaExpress","52.67418","-2.44793534","TF3 4EJ","Telford Southwater Square","Southwater Shopping Centre, Telford, Shropshire, TF3 4EJ","01952 200 040","Telford.Manager@pizzaexpress.com",""
"PizzaExpress","52.70937","-2.75583","SY1 1PP","Shrewsbury Mardol","55 Mardol, Shrewsbury, Shropshire, SY1 1PP","01743 354647","Shrewsbury.Manager@pizzaexpress.com",""
"PizzaExpress","52.95437","-1.1492","NG1 2AS","Nottingham King Street","20 King Street, Nottingham, NG1 2AS","0115 952 9095","Nottingham1.Manager@pizzaexpress.com",""
"PizzaExpress","52.93364","-1.12929","NG2 6AP","West Bridgford Bridgford Road","72 Bridgford Road, West Bridgford, Nottinghamshire, NG2 6AP","0115 981 4002","WestBridgford.Manager@pizzaexpress.com",""
"PizzaExpress","52.62708","-1.70512","B78 3HB","Tamworth Ventura Court","Ventura Court, Bitterscote Drive, Tamworth, Staffordshire, B78 3HB","01827 311055","Tamworth.Manager@pizzaexpress.com",""
"PizzaExpress","53.92217","-1.07747","YO19 4TA","York Designer Outlet","York Designer Outlet, St Nicholas Avenue, Fulford, York, YO19 4TA","01904 678 683","YorkMcArthurGlen.Manager@pizzaexpress.com",""
"PizzaExpress","52.5599365","-1.82545483","B72 1QA","Sutton Coldfield Birmingham Road","5-7 Birmingham Road, Sutton Coldfield, B72 1QA","0121 354 9261","SuttonColdField.Manager@pizzaexpress.com",""
"PizzaExpress","52.7723579","-1.204055","LE11 1FS","Loughborough Baxter Gate","1 Old Hospital Court, Baxter Gate, Loughborough LE11 1FS","01509 216600 ","loughborough.manager@pizzaexpress.com",""
"PizzaExpress","53.96043","-1.08643","YO1 7DJ","York Museum Street","River House, 17 Museum Street, York, YO1 7DJ","01904 672 904","York.Manager@pizzaexpress.com",""
"PizzaExpress","53.95994","-1.08164","YO1 8RN","York St Sampson Square","10 St Sampsons Square, York, YO1 8RN","01904 630 930","York3.Manager@pizzaexpress.com",""
"PizzaExpress","53.07884","-0.81061","NG24 1EU","Newark Town Wharf","Town Wharf, Newark, Nottinghamshire, NG24 1EU","01636 703073","Newark.Manager@pizzaexpress.com",""
"PizzaExpress","52.47795","-1.8939","B5 4BF","Birmingham Bullring Shopping Centre","Birmingham Bullring, Upper Mall East, Bullring Shopping Centre, Birmingham, West Midlands, B5 4BF","0121 643 7209","Bullring.Manager@pizzaexpress.com",""
"PizzaExpress","52.45872","-1.94975","B17 9QE","Harborne High Street","153-155 High Street, Harborne, Birmingham, B17 9QE","0121 427 6009","Harborne.Manager@pizzaexpress.com",""
"PizzaExpress","54.3282","-2.74807","LA9 4DP","Kendal Wainwrights Yard","6 Wainwright's Yard, Kendal, Cumbria, LA9 4DP","01539 728598","Kendal.Manager@pizzaexpress.com",""
"PizzaExpress","52.44824","-1.71771","B40 1PU","Birmingham Resorts World Shopping Outlet","Resorts World, NEC, Birmingham, B40 1PU ","0121 767 5777","Resortsworld.manager@pizzaexpress.com",""
"PizzaExpress","52.63633","-1.13892734","LE1 4SA","Leicester Highcross Shopping Centre","18 Bath House Lane, Highcross Shopping Centre, Leicester, Leicestershire, LE1 4SA","0116 2625880","Leicester3.manager@pizzaexpress.com",""
"PizzaExpress","52.41158","-1.7795","B91 3QW","Solihull Upper Jubilee Walk","45 Upper Jubilee Walk, Touchwood Shopping Centre, Solihull, West Midlands, B91 3QW","0121 711 3478","Solihull.Manager@pizzaexpress.com",""
"PizzaExpress","53.23093","-0.53957","LN2 1JG","Lincoln High Street","269 High Street, Lincoln, Lincolnshire, LN2 1JG","01522 544 701","Lincoln.Manager@pizzaexpress.com",""
"PizzaExpress","52.40985","-1.515942","CV1 4BF","Coventry Belgrade Plaza","Units 3-4, Belgrade Plaza, Coventry, CV1 4BF","02476 550 026","Coventry2.Manager@pizzaexpress.com",""
"PizzaExpress","53.84329","-0.43257","HU17 8BD","Beverley North Bar Within","37 North Bar Within, Beverley, Yorkshire, HU17 8BD","01482 679 105","Beverley.Manager@pizzaexpress.com",""
"PizzaExpress","53.7421","-0.3391643","HU1 2PQ","Hull Princes Quay Shopping Centre","Unit CU6, Princes Quay Shopping Centre, Hull, HU1 2PQ","01482 212144","Hullprincesquay.manager@pizzaexpress.com",""
"PizzaExpress","52.37133","-1.262784","CV21 3BG","Rugby High Street","23-24 High Street, Town Centre, Rugby, Warwickshire, CV21 3BG","01788 553 220","Rugby.manager@pizzaexpress.com",""
"PizzaExpress","52.2817","-1.5869","CV34 4EH","Warwick Jury Street","33-35 Jury Street, Warwick, Warwickshire, CV34 4EH","01926 407895","Warwick.Manager@pizzaexpress.com",""
"PizzaExpress","52.28816","-1.53535","CV32 4AE","Leamington Spa The Parade","168 The Parade, Royal Leamington Spa, CV32 4AE","01926 886 866","LeamingtonSpa.Manager@pizzaexpress.com",""
"PizzaExpress","52.18924","-2.21934","WR1 2LU","Worcester Cathedral Plaza Shopping Centre","1-3 College Street, Cathedral Plaza, Worcester, Worcester, WR1 2LU","01905 726565","Worcester.Manager@pizzaexpress.com",""
"PizzaExpress","52.47713","-0.9184313","LE16 7DR","Market Harborough St Marys Place","15-16 St Mary's Place, Market Harborough, Leicestershire, LE16 7DR","01858 467850","MarketHarborough.Manager@pizzaexpress.com",""
"PizzaExpress","52.19153","-1.70873","CV37 6LW","Stratford Upon Avon Ely Street","5 Ely Street, Stratford-upon-Avon, CV37 6LW","01789 264 124","StratforduponAvon.Manager@pizzaexpress.com",""
"PizzaExpress","52.65018","-0.47791","PE9 2LE","Stamford High Street","1 High Street, St Martins, Stamford, Lincolnshire, PE9 2LE","01780 767 902","Stamford.Manager@pizzaexpress.com",""
"PizzaExpress","54.55952","-1.28050637","TS17 7BW","Teesside Retail Park","6 The Teesside Retail Park, Middlesbrough Road, Stockton on Tees, Cleveland, TS17 7BW","01642 612693","Teeside.Manager@pizzaexpress.com",""
"PizzaExpress","52.23686","-0.89413","NN1 1UB","Northampton Derngate","6 Derngate, Northampton, NN1 1UB","01604 232060","Northampton.Manager@pizzaexpress.com",""
"PizzaExpress","54.776","-1.57527","DH1 3PG","Durham Saddler Street","64 Saddler Street, Durham, DH1 3PG","0191 383 2661","Durham.Manager@pizzaexpress.com",""
"PizzaExpress","52.0643959","-1.334106","OX16 2PA","Banbury Castle Quay Shopping Centre","Unit 6, Castle Quay, Spiceball Park Road, Banbury, OX16 2PA","01295 278 578","banbury.castlequay@pizzaexpress.com",""
"PizzaExpress","52.5723","-0.24288","PE1 1XH","Peterborough Cathedral Square","8 Cathedral Square, Peterborough, PE1 1XH","01733 562984","Peterborough.Manager@pizzaexpress.com",""
"PizzaExpress","52.30128","-0.6258043","NN10 6FH","Rushden Lakes Boardwalk","R2 The Boardwalk, Rushden Lakes, Rushden, NN10 6FH","01933 242 730","RushdenLakes.Manager@pizzaexpress.com",""
"PizzaExpress","51.90307","-2.07703161","GL50 4FA","Cheltenham Brewery Quarter","Unit 13 The Brewery Quarter, Henrietta Street, Cheltenham, Gloucestershire, GL50 4FA","01242 253 896","Cheltenham.BreweryQuarter@pizzaexpress.com",""
"PizzaExpress","51.86086","-2.253506","GL1 5SH","Gloucester Quays Designer Outlet","Unit 108A, Gloucester Quays, Gloucester, GL1 5SH","01452 504605","GloucesterQuays.Manager@pizzaexpress.com",""
"PizzaExpress","54.89251","-2.93349","CA3 8ES","Carlisle Lowther Street","21 Lowther Street, Carlisle, Cumbria, CA3 8ES","01228 599 638","Carlisle.Manager@pizzaexpress.com",""
"PizzaExpress","54.95765","-1.66857","NE11 9XZ","Gateshead MetroCentre","Unit 122, Yellow Quadrant, MetroCentre, Gateshead, Tyne and Wear, NE11 9XZ","0191 460 6130","gateshead.manager@pizzaexpress.com",""
"PizzaExpress","51.81056","-2.71743","NP25 3EN","Monmouth Monnow Street","136 Monnow Street, Monmouth, NP25 3EN","01600 719720","Monmouth.Manager@pizzaexpress.com",""
"PizzaExpress","52.04399","-0.75309","MK9 3BA","Milton Keynes Centre MK Shopping Centre","142-144 Midsummer Arcade, Milton Keynes, Buckinghamshire, MK9 3BA","01908 241100","MidsummerArcade.Manager@pizzaexpress.com",""
"PizzaExpress","52.04121","-0.7487011","MK9 3XS","Milton Keynes Xscape","Unit 4, Xscape, Milton Keynes, Buckinghamshire, MK9 3XS","01908 690822","MiltonKeynesXscape.Manager@pizzaexpress.com",""
"PizzaExpress","54.97503","-1.615061","NE1 7JD","Newcastle Eldon Square Shopping Centre","7 St George's Way, Eldon Square Shopping Centre, Newcastle Upon Tyne, NE1 7JD","0191 232 3228","Newcastle2.Manager@pizzaexpress.com",""
"PizzaExpress","52.33122","-0.18477","PE29 3LB","Huntingdon High Street","105 High Street, Huntingdon, Cambridgeshire, PE29 3LB","01480 434 446","Huntingdon.Manager@pizzaexpress.com",""
"PizzaExpress","51.89657","-1.15144849","OX26 6AG","Bicester Market Square","29 Market Square, Bicester, Oxfordshire, OX26 6AG","01869 324 941","Bicester.Manager@pizzaexpress.com",""
"PizzaExpress","54.99314","-1.60276","NE2 2TD","Jesmond Osbourne Road","92 Osborne Road, Jesmond, Newcastle upon Tyne, NE2 2TD","0191 281 4767","Jesmond.Manager@pizzaexpress.com",""
"PizzaExpress","52.13882","-0.465","MK40 2PN","Bedford St Peters Street","22 St Peter's Street, Bedford, MK40 2PN","01234 271 124","Bedford.Manager@pizzaexpress.com",""
"PizzaExpress","52.0109","-0.73437","MK1 1ST","Milton Keynes MK1 Leisure Park","MK1 Leisure Park, Stadium MK, Milton Keynes, Buckinghamshire, MK1 1ST","01908 370 033","MiltonKeynes4.Manager@pizzaexpress.com",""
"PizzaExpress","52.2291","-0.265715","PE19 1BG","St Neots Leisure Park","The Rowley Arts Centre, Huntingdon Street, St Neots, Cambridgeshire, PE19 1BG","01480 473388","StNeots.Manager@pizzaexpress.com",""
"PizzaExpress","51.78453","-1.485819","OX28 6BB","Witney Market Square","6 Market Square, Witney, Oxfordshire, OX28 6BB","01993 709 711","Witney.manager@pizzaexpress.com",""
"PizzaExpress","54.9961","-3.0573","DG16 5GG","Gretna Caledonia Park Shopping Centre","Unit 60/61, Caledonia Park Designer Village, Glasgow Road, Gretna, DG16 5GG","01461 337 770","gretnagreen.manager@pizzaexpress.com",""
"PizzaExpress","51.71642","-1.97059","GL7 1QH","Cirencester Castle Street","28 Castle Street, Cirencester, Gloucestershire, GL7 1QH","01285 655 655","Cirencester.Manager@pizzaexpress.com",""
"PizzaExpress","52.75214","0.39511","PE30 5DQ","Kings Lynn Saturday Market Place","1 Saturday Market Place, Kings Lynn, Norfolk, PE30 5DQ","01553 764 137","KingsLynn.Manager@pizzaexpress.com",""
"PizzaExpress","51.75238","-1.25777","OX1 3EX","Oxford Golden Cross","The Golden Cross, 8 Golden Cross, Cornmarket Street, Oxford, OX1 3EX","01865 790 442","Oxford.Manager@pizzaexpress.com",""
"PizzaExpress","51.9165","-0.66114","LU7 1EU","Leighton Buzzard Market Square","The Old Fire Station, Market Square, Leighton Buzzard, Bedfordshire, LU7 1EU","01525 384 560","Leightonbuzzard.Manager@Pizzaexpress.com",""
"PizzaExpress","51.738","-1.0972","OX33 1LJ","Oxford Motorway Services","Welcome Break, Thame Road, Waterstock, Oxfordshire, OX33 1LJ","01865 950 853","To be confirmed",""
"PizzaExpress","52.39933","0.2653","CB7 4LF","Ely High Street","43 High Street, Ely, Cambridgeshire, CB7 4LF","01353 665 999","Ely.Manager@pizzaexpress.com",""
"PizzaExpress","51.67106","-1.28105","OX14 3JF","Abingdon Stert Street","9 Stert Street, Abingdon, Oxfordshire, OX14 3JF","01235 536 033","Abingdon.Manager@pizzaexpress.com",""
"PizzaExpress","51.56286","-1.798315","SN2 2DY","Swindon Designer Outlet","Swindon Designer Outlet, Train Street, Swindon, SN2 2DY","01793 433933","Swindon2.Manager@pizzaexpress.com",""
"PizzaExpress","52.20174","0.12484","CB2 1DB","Cambridge Regent Street","26-28 Regent Street, Cambridge, CB2 1DB","01223 306 777","Cambridge3.Manager@pizzaexpress.com",""
"PizzaExpress","51.55236","-1.77808","SN1 4AS","Swindon Old Town","5 Bath Road, Old Town, Swindon, Wiltshire, SN1 4AS","01793 484 300","Swindon.Manager@pizzaexpress.com",""
"PizzaExpress","51.94713","-0.27899","SG5 1DT","Hitchin Market Place","19 Market Place, Hitchin, Hertfordshire, SG5 1DT","01462 450 596","Hitchin.Manager@pizzaexpress.com",""
"PizzaExpress","51.87884","-0.41167","LU1 3JE","Luton Church Street","The Lodge, 3 Church Street, Luton, Bedfordshire, LU1 3JE","01582 456 229","Luton.Manager@pizzaexpress.com",""
"PizzaExpress","51.52306","-2.60231","BS10 7SR","Cribbs Causeway The Venue","The Venue, Merlin Road, Cribbs Causeway, Bristol, BS10 7SR","0117 950 9388","Bristol5.manager@pizzaexpress.com",""
"PizzaExpress","51.59896","-1.12464","OX10 0EW","Wallingford St Marys Street","12 St Mary Street, Wallingford, Oxfordshire, OX10 0EW","01491 833431","Wallingford.Manager@pizzaexpress.com",""
"PizzaExpress","51.7622375","-0.569075","HP4 1ZZ","Berkhamsted High Street","300 High Street, Berkhamsted, Hertfordshire, HP4 1ZZ","01442750510","BerkhamstedHighStreet@pizzaexpress.com",""
"PizzaExpress","51.81459","-0.35554","AL5 2TH","Harpenden High Street","The Gate House, 1 High Street, Harpenden, AL5 2TH","01582 765 714","Harpenden.Manager@pizzaexpress.com",""
"PizzaExpress","51.4584","-2.585885","BS1 3BQ","Bristol Cabot Circus Shopping Centre","Cabot Circus, Glass House, Bristol, BS1 3BQ","0117 925 8700","Bristol6.Manager@pizzaexpress.com",""
"PizzaExpress","51.45004","-2.60192","BS1 5TY","Bristol Harbourside","Unit 1, Building 8, Harbourside, Bristol, BS1 5TY","0117 927 3622","BristolHarbourside.Manager@pizzaexpress.com",""
"PizzaExpress","51.74771","-0.47332","HP1 1BT","Hemel Hempstead Riverside","Unit A3, Riverside, Hemel Hempstead, Herfordshire, HP1 1BT","01442 256131","HemelHempstead.Manager@pizzaexpress.com",""
"PizzaExpress","52.24404","0.40676","CB8 8NA","Newmarket High Street","75 High Street, Newmarket, Suffolk, CB8 8NA","01638 664 646","Newmarket.Manager@pizzaexpress.com",""
"PizzaExpress","51.63048","-0.755194","HP11 2DB","High Wycombe Eden Shopping Centre","The Eden Centre, Denmark St, High Wycombe, Buckinghamshire, HP11 2DB","01494 535191","HighWycombe2.Manager@pizzaexpress.com",""
"PizzaExpress","51.67754","-0.60632","HP6 5DR","Amersham Sycamore Road","12 Sycamore Road, Amersham, Buckinghamshire, HP6 5DR","01494 725 735","Amersham.Manager@pizzaexpress.com",""
"PizzaExpress","51.8593025","-4.3097167","SA31 1GA","Carmarthen St Catherines Walk Shopping Centre","Unit 15, St Catherine's Walk, Carmarthen, Wales, SA31 1GA","01267 238 304","Carmarthen.Manager@pizzaexpress.com",""
"PizzaExpress","51.41962","-1.73202","SN8 1LW","Marlborough High Street","37 High Street, Marlborough, Wiltshire, SN8 1LW","01672 519 229","Marlborough.Manager@pizzaexpress.com",""
"PizzaExpress","51.75202","-0.34139","AL3 4DA","St Albans Verulam Road","11 Verulam Road, St Albans, Hertfordshire, AL3 4DA","01727 853 020","StAlbans.Manager@pizzaexpress.com",""
"PizzaExpress","51.48085","-3.18063","CF10 1PU","Cardiff High Street","29-32 High Street, Cardiff, South Glamorgan, CF10 1PU","029 2023 3091","Cardiff.Manager@pizzaexpress.com",""
"PizzaExpress","51.47923","-3.17392","CF10 2EF","Cardiff St Davids Shopping Centre","Unit KUG07, St Davids 2, Cardiff, Wales, CF10 2EF","029 2035 9200","Cardiff3.Manager@pizzaexpress.com",""
"PizzaExpress","51.8012","-0.20663","AL8 6BJ","Welwyn Garden City Howardsgate","40 Howardsgate, Welwyn Garden City, Hertfordshire, AL8 6BJ","01707 334 231","Welwyn.Manager@pizzaexpress.com",""
"PizzaExpress","51.38254","-2.3628","BA1 1HG","Bath Theatre Royal","1 Barton Street, Bath, Somerset, BA1 1HG","01225 420 119","Bath.Manager@pizzaexpress.com",""
"PizzaExpress","51.46348","-3.16537","CF10 5BZ","Cardiff Mermaid Quay","28 Mermaid Quay, Cardiff Bay, Cardiff, South Glamorgan, CF10 5BZ","029 2047 2006","Cardiff2.Manager@pizzaexpress.com",""
"PizzaExpress","51.37777","-2.359185","BA1 1AP","Bath Southgate Shopping Centre","8 Southgate Place, Southgate Centre, Bath, Somerset, BA1 1AP","01225 442 111","Bath2.Manager@pizzaexpress.com",""
"PizzaExpress","51.53715","-0.90613","RG9 2AA","Henley Market Place","35 Market Place, Henley-on-Thames, Oxfordshire, RG9 2AA","01491 411 448","Henley.Manager@pizzaexpress.com",""
"PizzaExpress","51.57101","-0.77629","SL7 1AW","Marlow High Street","48 High Street, Marlow, Buckinghamshire, SL7 1AW","01628 475 333","Marlow.Manager@pizzaexpress.com",""
"PizzaExpress","51.76232","-0.23961","AL10 0XR","Hatfield Galleria Shopping Outlet","The Galleria, Comet Way, Hatfield, Hertfordshire, AL10 0XR","01707 257855","Hatfield.Manager@pizzaexpress.com",""
"PizzaExpress","51.60186","-0.63473","HP9 2JH","Beaconsfield London End","14 London End, Beaconsfield, Buckinghamshire, HP9 2JH","01494 677 077","Beaconsfield.Manager@pizzaexpress.com",""
"PizzaExpress","51.5874","-0.6279","HP9 2SE","Beaconsfield Motorway Services","Unit 11, Extra Services M40 J2, A355 Windsor Drive, Beaconsfield, Buckinghamshire, HP9 2SE","01494 923 439","Beaconsfield.PizzaExpressManager@WelcomeBreak.co.uk",""
"PizzaExpress","51.79609","-0.07656","SG14 1BY","Hertford Fore Street","80 Fore Street, Hertford, Hertfordshire, SG14 1BY","01992 509 550","Hertford.Manager@pizzaexpress.com",""
"PizzaExpress","51.65385","-0.39297","WD17 2ER","Watford High Street","137 High Street, Watford, WD17 2ER","01923 213 991","Watford.Manager@pizzaexpress.com",""
"PizzaExpress","51.68378","-0.31773","WD7 7AB","Radlett Watling Street","114 Watling Street, Radlett, Hertfordshire, WD7 7AB","01923 859 111","Radlett.Manager@pizzaexpress.com",""
"PizzaExpress","51.40079","-1.32363","RG14 5AA","Newbury Market Place","17 Market Place, Newbury, Berkshire, RG14 5AA","01635 569284","Newbury.Manager@pizzaexpress.com",""
"PizzaExpress","51.58765","-0.553912","SL9 8PE","Gerrards Cross Packhorse Road","45-47 Packhorse Road, Gerrards Cross, Buckinghamshire, SL9 8PE","01753 880655","GerrardsCross.Manager@pizzaexpress.com",""
"PizzaExpress","51.52315","-0.71581","SL6 8BJ","Maidenhead Bridge Street","2-4 Bridge Street, Maidenhead, Berkshire, SL6 8BJ","01628 676878","Maidenhead.Manager@pizzaexpress.com",""
"PizzaExpress","51.45364","-0.9713","RG1 2AG","Reading Oracle Shopping Centre","R11 Riverside Level, Oracle Shopping Centre, Reading, Berkshire, RG1 2AG","0118 957 4411","ReadingOracle.Manager@pizzaexpress.com",""
"PizzaExpress","51.6875","-0.2217","EN6 3QQ","South Mimms Motorway Services","Welcome Break, M25 Motorway, Jct 23, Bignell Corner, South Mimms, Potters Bar, Herts, EN6 3QQ","01707 621 021","Mimms.PizzaExpressManager@WelcomeBreak.co.uk",""
"PizzaExpress","51.8722","0.15826","CM23 2LD","Bishops Stortford North Street","25 North Street, Bishops Stortford, Hertfordshire, CM23 2LD","01279 757 677","BishopsStortford.Manager@pizzaexpress.com",""
"PizzaExpress","52.24477","0.71485","IP33 1LW","Bury St Edmunds Abbeygate Street","40 Abbeygate Street, Bury St Edmunds, Suffolk IP33 1LW","01284 704 802","BuryStEdmunds.Manager@pizzaexpress.com",""
"PizzaExpress","51.57401","-0.42448","HA4 8LS","Ruislip High Street","86 High Street, Ruislip, Middlesex, HA4 8LS","01895 625 100","ruislip.manager@pizzaexpress.com",""
"PizzaExpress","51.6176","-0.3091","HA7 4DJ","Stanmore Broadway","55 The Broadway, Stanmore, Middlesex, HA7 4DJ","020 8420 7474","Stanmore.Manager@pizzaexpress.com",""
"PizzaExpress","51.65778","-0.20104","EN5 5TD","Barnet High Street","242-248 High Street, Barnet, Hertfordshire, EN5 5TD","020 8449 3706","Barnet.Manager@pizzaexpress.com ",""
"PizzaExpress","51.50982","-0.59681","SL1 1EL","Slough High Street","80 High Street, Slough, Berkshire, SL1 1EL","01753 825 893","Slough.Manager@pizzaexpress.com",""
"PizzaExpress","51.5814","-0.338863","HA1 1HS","Harrow St Georges Shopping Centre","St George's Centre, Harrow, Middlesex, HA1 1HS","0208 427 0982","Harrow2.Manager@pizzaexpress.com",""
"PizzaExpress","51.61574","-0.24476","NW7 3TB","Mill Hill The Broadway","92 The Broadway, Mill Hill, London, NW7 3TB","020 8959 3898","MillHill.Manager@pizzaexpress.com",""
"PizzaExpress","51.48377","-0.60875","SL4 1PL","Windsor Thames Street","7 Thames Street, Windsor, Berkshire, SL4 1PL","01753 856 424","Windsor.Manager@pizzaexpress.com",""
"PizzaExpress","51.7676163","0.094261","CM20 1AN","Harlow Water Gardens","1 The Water Gardens, Harlow, Essex, CM20 1AN","01279 453380","Harlow.Manager@pizzaexpress.com",""
"PizzaExpress","51.41121","-0.83505","RG40 1AU","Wokingham Broad Street","25 Broad Street, Wokingham, Berkshire, RG40 1AU","0118 977 0826","Wokingham.Manager@pizzaexpress.com",""
"PizzaExpress","51.4174","-0.7512","RG12 1HB","Bracknell The Lexicon Shopping Centre","7 Eagle Lane, The Lexicon, Bracknell, Berkshire, RG12 1HB","01344 551 144","Bracknell.Manager@pizzaexpress.com",""
"PizzaExpress","51.6336","-0.131","N14 5PH","Southgate Chaseside","94 Chaseside, Southgate, London, N14 5PH","020 8886 3300","Southgate.Manager@pizzaexpress.com",""
"PizzaExpress","51.55678","-0.2843","HA9 0FD","Wembley Designer Outlet","London Designer Outlet, Empire Way, Wembley, London, HA9 0FD","0208 795 4910","Wembley.Manager@pizzaexpress.com",""
"PizzaExpress","51.57618","-0.2245226","NW4 3FP","London Brent Cross Shopping Centre","Unit S1, Brent Cross Shopping Centre, Prince Charles Drive, Hendon, London, NW4 3FP","020 8202 0772","BrentCross.Manager@pizzaexpress.com",""
"PizzaExpress","51.59125","-0.14148","N10 2QR","Muswell Hill Broadway","290 Muswell Hill Broadway, Muswell Hill, London, N10 2QR","020 8883 5845","MuswellHill.Manager@pizzaexpress.com",""
"PizzaExpress","51.6992","0.111999","CM16 4AQ","Epping High Street","208-212 High St, Epping, Essex, CM16 4AQ","01992 577000","Epping.Manager@pizzaexpress.com",""
"PizzaExpress","51.51182","-0.30559","W5 5AS","Ealing Bond Street","23 Bond Street, Ealing, London, W5 5AS","020 8567 7690","Ealing.Manager@pizzaexpress.com",""
"PizzaExpress","51.57064","-0.14654","N6 5JG","Highgate High Street","30 High Street, Highgate, London, N6 5JG","020 8341 3434","Highgate.Manager@pizzaexpress.com",""
"PizzaExpress","51.39275","-0.62881","SL5 0DH","Sunningdale London Road","16 London Road, Sunningdale, Berkshire, SL5 0DH","01344 628 277","Sunningdale.Manager@pizzaexpress.com",""
"PizzaExpress","51.55064","-0.16461","NW3 2AJ","Belsize Park Haverstock Hill","194a Haverstock Hill, Belsize Park, London, NW3 2AJ","020 7794 6777","BelsizePark.Manager@pizzaexpress.com",""
"PizzaExpress","51.64899","0.0571","IG10 1AH","Loughton High Road","281 High Road, Loughton, Essex, IG10 1AH","020 8508 3303","Loughton.Manager@pizzaexpress.com",""
"PizzaExpress","51.20656","-1.478696","SP10 1NX","Andover High Street","2 High Street, Andover SP10 1NX","01264 334 333  ","andover.manager@pizzaexpress.com",""
"PizzaExpress","51.53562","-0.18192","NW8 0AA","St Johns Wood Abbey Road","39 Abbey Road, St John's Wood, London NW8 0AA","020 7624 5577","AbbeyRoad.Manager@pizzaexpress.com",""
"PizzaExpress","51.26546","-1.083227","RG21 7BB","Basingstoke Festival Place Shopping Centre","Unit R9, Lower Ground, Festival Place, Basingstoke, Hampshire, RG21 7BB","01256 474 447","Basingstoke2.Manager@pizzaexpress.com",""
"PizzaExpress","51.3372","-0.7481","GU15 3PT","Camberley Park Street","52 Park Street, Camberley, Surrey, GU15 3PT","01276 21846","Camberley.Manager@pizzaexpress.com",""
"PizzaExpress","51.50768","-0.2215461","W12 7GF","White City Westfield Shopping Centre","Unit 3126, Westfield London Shopping Centre, Ariel Way, White City, London, W12 7GF","0208 749 1500","WhiteCity.Manager@pizzaexpress.com",""
"PizzaExpress","51.4928","-0.25818","W4 1PD","Chiswick High Road","252 Chiswick High Road, Chiswick, London, W4 1PD","020 8747 0193","Chiswick.Manager@pizzaexpress.com",""
"PizzaExpress","51.53718","-0.14544","NW1 7PP","Camden Parkway","85 Parkway, Camden, London, NW1 7PP","020 7267 2600","Camden.Manager@pizzaexpress.com",""
"PizzaExpress","51.25029","-1.11368","RG22 6HL","Basingstoke Winchester Road","The Whitehouse, Winchester Road, Basingstoke, Hampshire, RG22 6HL","01256 354 439","Basingstoke.Manager@pizzaexpress.com",""
"PizzaExpress","52.63088","1.29108","NR2 4PE","Norwich St Benedict Street","15 St Benedict's Street, Norwich, Norfolk, NR2 4PE","01603 622157","Norwich.Manager@pizzaexpress.com",""
"PizzaExpress","51.5034","-0.22012","W14 0DJ","Shepherds Bush Rockley Road","7 Rockley Road, Shepherds Bush, London, W14 0DJ","020 8749 8582","ShepherdsBush.Manager@pizzaexpress.com",""
"PizzaExpress","52.62782","1.291","NR2 1TF","Norwich Forum Events Centre","The Forum, Millennium Plain, Norwich, Norfolk, NR2 1TF","01603 662234","Norwich2.Manager@pizzaexpress.com",""
"PizzaExpress","51.4775","-0.28571","TW9 3QB","Kew Station Approach","10 Station Approach, Kew, Richmond upon Thames, TW9 3QB","020 8404 6000","Kew.Manager@pizzaexpress.com",""
"PizzaExpress","51.5192375","-0.172011","W2 1BF","London Paddington","Unit 35 and 37, 3 Merchant Square, London, W2 1BF","0207 7068000","paddington.manager@pizzaexpress.com",""
"PizzaExpress","51.50849","-0.19889","W11 3LB","London Notting Hill Gate","137 Notting Hill Gate, London, W11 3LB","020 7229 6000","NottingHillGate.Manager@pizzaexpress.com",""
"PizzaExpress","51.52163","-0.15752","W1U 6SF","London Baker Street","133 Baker Street, London, W1U 6SF","020 7486 0888","BakerStreet.Manager@pizzaexpress.com",""
"PizzaExpress","51.2961","-0.8557","GU51 1AA","Fleet Motorway Services","Welcome Break, M3 Southbound Motorway, Jct 4a/5 Fleet, Hants, GU51 1AA","01252 960 400","TBC",""
"PizzaExpress","51.59528","0.02248","E18 2NA","South Woodford High Road","76 High Road, South Woodford, London, E18 2NA","020 8924 4488","SouthWoodford.Manager@pizzaexpress.com",""
"PizzaExpress","51.3923","-0.5033","KT16 8AP","Chertsey London Street","3 London Street, Chertsey, Surrey, KT16 8AP","01932 566 537","Chertsey.Manager@pizzaexpress.com",""
"PizzaExpress","51.45971","-0.30553","TW9 1RE","Richmond Red Lion Street","Lion House, Red Lion Street, Richmond, TW9 1RE","020 8948 7460","Richmond.Manager@pizzaexpress.com",""
"PizzaExpress","51.52839","-0.12739","NW1 2RA","London Euston Road","Clifton House, 93-95 Euston Road, London, NW1 2RA","020 7383 7102","EustonRoad.Manager@pizzaexpress.com",""
"PizzaExpress","51.53527","-0.1038","N1 0PB","London Islington","335 Upper Street, Islington, London, N1 0PB","020 7226 9542","Islington.Manager@pizzaexpress.com",""
"PizzaExpress","51.44738","-0.32769","TW1 3JZ","Twickenham York Street","21 York Street, Twickenham, Middlesex, TW1 3JZ","020 8891 4126","Twickenham.Manager@pizzaexpress.com",""
"PizzaExpress","51.51493","-0.15033","W1U 1BE","London Barrett Street","21-22 Barrett Street, St Christopher's Place, London, W1U 1BD","020 7629 1001","BarrettStreet.Manager@pizzaexpress.com",""
"PizzaExpress","51.47359","-0.24952","SW13 9LW","Barnes High Street","14-15 Barnes High Street, Barnes, London, SW13 9LW","020 8878 1184","Barnes.Manager@pizzaexpress.com",""
"PizzaExpress","51.46483","-0.26277","SW14 8QS","East Sheen Upper Richmond Road","305 Upper Richmond Road West, East Sheen, London, SW14 8QS","020 8878 6833","EastSheen.Manager@pizzaexpress.com",""
"PizzaExpress","51.4952","-0.1827","SW7 4EN","London Gloucester Road","88 Cromwell Road, London SW7 4EN","020 3040 1840","GloucesterRoad.Manager@pizzaexpress.com",""
"PizzaExpress","51.51511","-0.13329","W1D 3RW","London Dean Street","10 Dean Street, Soho, London, W1D 3RW","020 7437 9595","DeanSt.Manager@pizzaexpress.com",""
"PizzaExpress","51.51764","-0.1262","WC1A 1NS","London Coptic Street","30 Coptic Street, Bloomsbury, London, WC1A 1NS","020 7636 3232","CopticSt.Manager@pizzaexpress.com",""
"PizzaExpress","51.5454369","-0.0550539","E8 1HE","Hackney Mare Street","290-298 Mare Street, London, E8 1HE","02081040470","hackney.marestreet@pizzaexpress.com",""
"PizzaExpress","51.51829","-0.11868","WC1V 6LF","London High Holborn","99 High Holborn, London, WC1V 6LF","020 7831 5305","HighHolborn.Manager@pizzaexpress.com",""
"PizzaExpress","51.51351","-0.12278","WC2E 7AH","London Bow Street","9-12 Bow Street, Covent Garden, London, WC2E 7AH","020 7240 3443","BowStreet.Manager@pizzaexpress.com",""
"PizzaExpress","51.5115","-0.12756","WC2N 4AA","London St Martins Lane","80-81 St Martin's Lane, Covent Garden, London, WC2N 4AA","020 7836 8001","StMartinsLane.Manager@pizzaexpress.com",""
"PizzaExpress","51.50946","-0.13225","SW1Y 4EN","London Haymarket","26 Panton House, Haymarket, London, SW1Y 4EN","020 7930 8044","HayMarket.Manager@pizzaexpress.com",""
"PizzaExpress","51.52312","-0.09879","EC1M 5PA","London Clerkenwell Road","1 Clerkenwell Road, Clerkenwell, London, EC1M 5PA","020 7253 7770","Clerkenwell.Manager@pizzaexpress.com",""
"PizzaExpress","51.27985","-0.84412","GU51 4BY","Fleet Fleet Road","200 Fleet Road, Fleet, Hampshire, GU51 4BY","01252 813 777","Fleet.Manager@pizzaexpress.com",""
"PizzaExpress","51.50839","-0.12635","WC2R 0RG","London 450 Strand","450 Strand, London, WC2R 0RG","020 7930 8205","TheStrand.Manager@pizzaexpress.com",""
"PizzaExpress","49.1858253","-2.104674","JE2 4WG","Jersey St Helier","59 Halkett Place, St Helier, Jersey, JE2 4WG","01534 733291","JerseyCentral.Manager@pizzaexpress.com",""
"PizzaExpress","49.18535","-2.197209","JE3 8Ef","Jersey St Brelade","La Route de la Baie, St Brelade, Jersey, JE3 8EF","01534 499049","JerseyWest.Manager@pizzaexpress.com",""
"PizzaExpress","50.1516","-5.06315","TR11 3QY","Falmouth Maritime Square","1 Maritime House, Discovery Quay, Falmouth, Cornwall, TR11 3QY","01326 318841","Falmouth.Manager@pizzaexpress.com",""
"PizzaExpress","50.26333","-5.050091","TR1 2QU","Truro Coinage Hall","1 Boscawen Street, The Coinage Hall, Truro, Cornwall, TR1 2QU","01872 263 617","Truro.Manager@pizzaexpress.com",""
"PizzaExpress","50.36707","-4.125342","PL4 0LG","Plymouth Barbican Leisure Park","Unit 2, The Barbican Leisure Centre, 16 Barbican Approach, Plymouth, Devon, PL4 0LG","01752 269900","Plymouth2.Manager@pizzaexpress.com",""
"PizzaExpress","50.36936","-4.14605","PL1 2SW","Plymouth Theatre Royal","Pilgrims House, 17 Derrys Cross, Plymouth, Devon, PL1 2SW","01752 229 413","Plymouth.Manager@pizzaexpress.com",""
"PizzaExpress","50.4165","-5.0745","TR7 2NE","Newquay Rocklands","Rocklands, Cliffe Road, Newquay, Cornwall, TR7 2NE","01637 872 177","Newquay.Manager@pizzaexpress.com",""
"PizzaExpress","50.71864","-1.879132","BH2 5DD","Bournemouth BH2 Leisure","LG5, Bh2, Exeter Crescent, Bournemouth, BH2 5DD","01202 235 522","BournemouthBH2.Manager@pizzaexpress.com",""
"PizzaExpress","50.7109","-2.438548","DT1 1QR","Dorchester Brewery Square","25 Weymouth Avenue, Dorchester, Dorset, DT1 1QR","01305 251919","Dorchester.Manager@pizzaexpress.com",""
"PizzaExpress","50.73401","-1.776366","BH23 1AS","Christchurch High Street","73 High Street, Christchurch, Dorset, BH23 1AS","01202 486 771","Christchurch.manager@pizzaexpress.com",""
"PizzaExpress","50.76688","0.28447","BN21 4QH","Eastbourne Cornfield Road","24 Cornfield Road, Eastbourne, East Sussex, BN21 4QH","01323 649 466","Eastbourne.Manager@pizzaexpress.com",""
"PizzaExpress","50.74643","-1.951729","BH12 4NY","Poole Tower Park","Unit A, Tower Park, Poole, Dorset, BH12 4NY","01202 718600","Poole2.manager@pizzaexpress.com",""
"PizzaExpress","50.79527","-1.10755","PO1 3TA","Portsmouth Gunwharf Quays Designer Outlet","Gunwharf Quays, North Promenade, Portsmouth, Hampshire, PO1 3TA","02392 832939","Portsmouth.Manager@pizzaexpress.com",""
"PizzaExpress","50.72242","-3.53196","EX1 1HJ","Exeter Cathedral Yard","2 Broadgate, Cathedral Yard, Exeter, Devon, EX1 1HJ","01392 495 788","Exeter.Manager@pizzaexpress.com",""
"PizzaExpress","50.81155","-0.36842","BN11 3EZ","Worthing Warwick Street","Stanford Cottage, Warwick Street, Worthing, West Sussex, BN11 3EZ","01903 821 133","Worthing.Manager@pizzaexpress.com",""
"PizzaExpress","50.81283","-0.10216","BN2 5WA","Brighton Marina","4 The Waterfront, Brighton Marina, Brighton, East Sussex, BN2 5WA","01273 689 300","BrightonMarina.Manager@pizzaexpress.com",""
"PizzaExpress","50.82124","-0.14074","BN1 1HF","Brighton Prince Albert Street","22 Prince Albert Street, The Lanes, Brighton, BN1 1HF","01273 323 205","Brighton.Manager@pizzaexpress.com",""
"PizzaExpress","50.82802","-0.17167","BN3 2AF","Hove Church Road","107 Church Road, Hove, East Sussex, BN3 2AF","01273 770 093","Hove.Manager@pizzaexpress.com",""
"PizzaExpress","50.8345","-0.77986","PO19 1EL","Chichester South Street","27 South Street, Chichester, West Sussex, PO19 1EL","01243 786 648","Chichester.Manager@pizzaexpress.com",""
"PizzaExpress","50.8541","-0.55395","BN18 9AG","Arundel High Street","33 High Street, Arundel, West Sussex, BN18 9AG","01903 885 467","Arundel.Manager@pizzaexpress.com",""
"PizzaExpress","50.85665","0.580418","TN34 1PH","Hastings Priory Meadow Shopping Centre","Priory Meadow Shopping Centre, Queen's Road, Hastings, East Sussex, TN34 1PH","01424 422434","Hastings.Manager@pizzaexpress.com",""
"PizzaExpress","50.87375","0.0136","BN7 2LN","Lewes High Street","15 High Street, Lewes, East Sussex, BN7 2LN","01273 487 524","Lewes.Manager@pizzaexpress.com",""
"PizzaExpress","50.90348","-1.407176","SO15 1QA","Southampton WestQuay Shopping Centre","Westquay Shopping Centre, Southampton, Hampshire, SO15 1QA","02380 710999","Southampton2.Manager@pizzaexpress.com",""
"PizzaExpress","50.97143","0.09615","TN22 1AP","Uckfield High Street","77 High Street, Uckfield, East Sussex, TN22 1AP","01825 763333","Uckfield.Manager@pizzaexpress.com",""
"PizzaExpress","51.00033","-0.1057","RH16 3AL","Haywards Heath Broadway","22 The Broadway, Haywards Heath, RH16 3AL","01444 456 627","HaywardsHeath.Manager@pizzaexpress.com",""
"PizzaExpress","51.0051","-0.938226","GU32 3DY","Petersfield Chapel Street","25-27 Chapel Street, Petersfield, Hampshire, GU32 3DY","01730 710357","Petersfield.Manager@pizzaexpress.com",""
"PizzaExpress","51.06177","-0.32691","RH12 1HH","Horsham East Street","19-23 East Street, Horsham, West Sussex, RH12 1HH","01403 249 274","Horsham.Manager@pizzaexpress.com",""
"PizzaExpress","51.06083","-1.30759","SO23 9BH","Winchester Bridge Street","1 Bridge Street, Winchester, Hampshire, SO23 9BH","01962 841 845","Winchester.Manager2@pizzaexpress.com",""
"PizzaExpress","51.0181","-3.104174","TA1 1UB","Taunton Bridge Street","20 Bridge Street, Taunton, Somerset, TA1 1UB","01823 352 245","Taunton.Manager@pizzaexpress.com",""
"PizzaExpress","51.08884","-0.70906","GU27 2JZ","Haslemere High Street","1 Causeway Side, High Street, Haslemere, Surrey, GU27 2JZ","01428 642 245","Haslemere.Manager@pizzaexpress.com",""
"PizzaExpress","51.07007","-1.79565","SP1 1DA","Salisbury Blue Boar Row","50 Blue Boar Row, Salisbury, Wiltshire, SP1 1DA","01722 415 191","Salisbury.Manager@pizzaexpress.com",""
"PizzaExpress","51.11636","-0.18883","RH10 1XX","Crawley The Boulevard","2 The Boulevard, Crawley, West Sussex, RH10 1XX","01293 531 678","Crawley.Manager@pizzaexpress.com",""
"PizzaExpress","51.12415","-0.00715","RH19 3AF","East Grinstead High Street","39 High Street, East Grinstead, West Sussex, RH19 3AF","01342 313 343","EastGrinstead.Manager2@pizzaexpress.com",""
"PizzaExpress","51.12773","0.26082","TN1 1YB","Tunbridge Wells High Street","81 High Street, Tunbridge Wells, Kent, TN1 1YB","01892 543 112","TunbridgeWells.Manager@pizzaexpress.com",""
"PizzaExpress","51.13585","0.879164","TN24 0SD","Ashford Designer Outlet","Unit 85-86, The Designer Outlet Centre, Kimberly Way, Ashford, Kent TN24 0SD","01233 637 044","AshfordMG.manager@pizzaexpress.com",""
"PizzaExpress","51.14185","-0.49262","GU6 8RN","Cranleigh High Street","176 High Street, Cranleigh, GU6 8RN","01483 908280","Cranleigh@pizzaexpress.com",""
"PizzaExpress","51.14848","-0.97851","GU34 1HD","Alton Market Square","5 Market Square, Alton, Hampshire, GU34 1HD","01420 89 839","Alton.Manager@pizzaexpress.com",""
"PizzaExpress","51.14997","0.87342","TN24 8JR","Ashford North Street","14 North Street, Ashford, Kent, TN24 8JR","01233 637 700","Ashford.Manager@pizzaexpress.com",""
"PizzaExpress","51.12635","-2.740845","BA16 0EN","Street High Street","94 High Street, Street, Somerset, BA16 0EN","01458 443111","Street.Manager@pizzaexpress.com",""
"PizzaExpress","51.18486","-0.61633","GU7 1AF","Godalming High Street","127-129 High Street, Godalming, Surrey, GU7 1AF","01483 860 880","Godalming.Manager@pizzaexpress.com",""
"PizzaExpress","51.19554","0.27544","TN9 1DR","Tonbridge High Street","91 High Street, Tonbridge, Kent, TN9 1DR","01732 368 787","Tonbridge.Manager@pizzaexpress.com",""
"PizzaExpress","51.2155","-0.799","GU9 7LS","Farnham Castle Street","74 Castle Street, Farnham, Surrey, GU9 7LS","01252 733 220","Farnham.Manager@pizzaexpress.com",""
"PizzaExpress","51.23375","-0.32858","RH4 1RT","Dorking High Street","235 High Street, Dorking, Surrey, RH4 1RT","01306 888 236","Dorking.Manager@pizzaexpress.com",""
"PizzaExpress","51.23741","-0.20634","RH2 9AA","Reigate High Street","15 High Street, Reigate, Surrey, RH2 9AA","01737 241 969","Reigate.Manager@pizzaexpress.com",""
"PizzaExpress","51.23754","-0.56749","GU1 3BJ","Guildford High Street","237-241 High Street, Guildford, Surrey, GU1 3BJ","01483 300 122","Guildford.Manager@pizzaexpress.com",""
"PizzaExpress","51.24998","-0.770858","GU11 1WF","Aldershot Westgate Retail Park","8 Westgate, Aldershot, Hampshire, GU11 1WF","01252 330 221","Aldershot.Manager@pizzaexpress.com",""
"PizzaExpress","51.25847","-0.00474","RH8 0QE","Oxted Station Road East","153-155 Station Road East, Oxted, Surrey, RH8 0QE ","01883 723 142","Oxted.Manager@pizzaexpress.com",""
"PizzaExpress","51.27273","0.19291","TN13 1XE","Sevenoaks High Street","146 High Street, Sevenoaks, Kent, TN13 1XE","01732 741 111","Sevenoaks.Manager@pizzaexpress.com",""
"PizzaExpress","51.27489","0.52039","ME14 1PS","Maidstone Earl Street","58 Earl Street, Maidstone, ME14 1PS","01622250220","MaidstoneEarlStreet@pizzaexpress.com",""
"PizzaExpress","51.28342","-0.078","CR3 6QB","Caterham Croydon Road","10 Croydon Road, Caterham, Surrey, CR3 6QB","01883 342 717","Caterham.Manager@pizzaexpress.com",""
"PizzaExpress","51.28028","1.07931","CT1 2JB","Canterbury Best Lane","4 Best Lane, Canterbury, Kent, CT1 2JB","01227 766 938","Canterbury.Manager@pizzaexpress.com",""
"PizzaExpress","51.3041458","-0.405638","KT11 3DB","Cobham Motorway Services","Extra Services, M25 Jct 9/10, Downside, Cobham KT11 3DB","01932 361 648  ","Cobham.PizzaExpressManager@welcomebreak.co.uk",""
"PizzaExpress","51.31741","-0.56499","GU21 6LJ","Woking Goldsworth Road","65 Goldsworth Road, Woking, Surrey, GU21 6LJ","01483 750 310","Woking.Manager@pizzaexpress.com",""
"PizzaExpress","51.321804","-0.136896","CR5 2NJ","Coulsdon Trinity Square","Ground Floor, Block A, Trinity Square, 127 Brighton Road, Coulsdon CR5 2NJ","020 8660 1199","Coulsdon.Manager@pizzaexpress.com",""
"PizzaExpress","51.3218","-0.20403","SM7 2LJ","Banstead High Street","24 High Street, Banstead, Surrey, SM7 2LJ","01737 379 476","Banstead.Manager@pizzaexpress.com",""
"PizzaExpress","51.32951","-0.41056","KT11 2JZ","Cobham Anyards Road","Unit 2, 20-22 Anyards Road, Cobham, Surrey, KT11 2JZ","01932 862 588","Cobham2.Manager@pizzaexpress.com",""
"PizzaExpress","51.33225","-0.27093","KT18 7PF","Epsom South Street","8 South Street, Epsom, Surrey, KT18 7PF","01372 729 618","Epsom.Manager@pizzaexpress.com",""
"PizzaExpress","51.33907","-0.11659","CR8 2LP","Purley Brighton Road","960 Brighton Road, Purley, Surrey, CR8 2LP","020 8668 9547","Purley.Manager@pizzaexpress.com",""
"PizzaExpress","51.35776","-0.21743","SM3 8BU","Cheam Ewell Road","4-6 Ewell Rd, Cheam, Surrey, SM3 8BU","020 8770 0082","Cheam.Manager@pizzaexpress.com",""
"PizzaExpress","51.3607","-0.1923","SM1 1DJ","Sutton High Street","19/21 High Street, Sutton, Surrey, SM1 1DJ","020 8104 0321","Sutton2.Manager@pizzaexpress.com",""
"PizzaExpress","51.37005","-0.36513","KT10 9QY","Esher High Street","34-38 High Street, Esher, Surrey, KT10 9QY","01372 470435","Esher.Manager@pizzaexpress.com",""
"PizzaExpress","51.37397","-0.0979569","CR0 1PD","Croydon George Street","48 George Street, Croydon, CR0 1PD","020 8681 2550","Croydon2.manager@pizzaexpress.com",""
"PizzaExpress","51.37343","-0.45527","KT13 8RX","Weybridge Monument Hill","1 Monument Hill, Weybridge, Surrey, KT13 8RX","01932 829 059","Weybridge.Manager@pizzaexpress.com",""
"PizzaExpress","51.3757","-0.01545","BR4 0LP","West Wickham High Street","3 High Street, West Wickham, Kent, BR4 0LP","020 8777 7966","WestWickham.Manager@pizzaexpress.com",""
"PizzaExpress","51.37822","-0.124534","CR0 4YA","Croydon Valley Leisure Park","Unit 2, Valley Leisure Park, Hesterman Way, Croydon, Surrey CR0 4YA","020 8686 2888","Croydon3.Manager@pizzaexpress.com",""
"PizzaExpress","51.37865","-0.24225","KT4 8HZ","Worcester Park Central Road","87 Central Road, Worcester Park, Surrey, KT4 8HZ","020 8337 7039","WorcesterPark.Manager@pizzaexpress.com",""
"PizzaExpress","51.38455","-0.41947","KT12 1QA","Walton on Thames New Zealand Avenue","111-115 New Zealand Avenue, Walton-on-Thames, Surrey, KT12 1QA","01932 243 404","Walton.Manager@pizzaexpress.com",""
"PizzaExpress","51.3904","0.503633","ME1 1LN","Rochester High Street","21-23 High Street, Rochester, Kent, ME1 1LN","01634 812171","Rochester.Manager@pizzaexpress.com",""
"PizzaExpress","51.39297","-0.3040689","KT6 4RB","Surbiton St Marks Hill","Unit 5B, Surbiton Parade, St Marks Hill, Surbiton, KT6 4RB","020 8399 7555","Surbiton.manager@pizzaexpress.com",""
"PizzaExpress","51.39912","0.015412","BR2 9UY","Bromley St Marks Square","Unit 2, St Mark's Centre, Bromley South Central, BR2 9UY","020 8104 0323","Bromley2.manager@pizzaexpress.com",""
"PizzaExpress","51.3997841","-0.255904","KT3 4BH","New Malden High Street","161 High Street, New Malden, Surrey, KT3 4BH","0208 942 2223","NewMalden.Manager@pizzaexpress.com",""
"PizzaExpress","51.40227","-0.344","KT8 9BE","Hampton Court Creek Road","19 Creek Road, East Molesey, Surrey, KT8 9BE","020 8941 3347","HamptonCourt.Manager@pizzaexpress.com",""
"PizzaExpress","51.40619","0.01611","BR1 1RL","Bromley Widmore Road","15 Widmore Road, Bromley, Kent, BR1 1RL","020 8464 2708","Bromley.Manager@pizzaexpress.com",""
"PizzaExpress","51.40644","-0.03033","BR3 1AH","Beckenham High Street","189 High Street, Beckenham, BR3 1AH","020 8650 0593","Beckenham.Manager@pizzaexpress.com",""
"PizzaExpress","51.40631","-0.30782","KT1 1LQ","Kingston High Street","41 High Street, Kingston upon Thames, Surrey, KT1 1LQ","020 8546 1447","Kingston.Manager@pizzaexpress.com",""
"PizzaExpress","51.4117","-0.29934","KT1 1QJ","Kingston Rotunda Leisure Centre","Unit 5 The Rotunda, Kingston upon Thames, Surrey, KT1 1QJ","020 8547 3133","Kingston2.Manager@pizzaexpress.com",""
"PizzaExpress","51.41955","-0.2008","SW19 1RH","Wimbledon The Broadway","104 The Broadway, Wimbledon, London, SW19 1RH","020 8543 1010","WimbledonBdy.Manager@pizzaexpress.com",""
"PizzaExpress","51.42499","-0.21643","SW19 5EG","Wimbledon High Street","84 High Street, Wimbledon, London, SW19 5EG","020 8946 6027","Wimbledon.Manager@pizzaexpress.com",""
"PizzaExpress","51.42627","0.10018","DA14 6NF","Sidcup Elm Parade Shopping Centre","6 Elm Parade, Sidcup, Kent, DA14 6NF","020 8300 5522","Sidcup.Manager@pizzaexpress.com",""
"PizzaExpress","51.42806","-0.33517","TW11 8LA","Teddington Waldegrave Road","11 Waldegrave Road, Teddington, TW11 8LA","020 8943 3553","Teddington.Manager@pizzaexpress.com",""
"PizzaExpress","51.4376831","0.27042","DA9 9SG","The Plaza Bluewater Shopping Centre","Units SVU09, The Plaza (upper), Bluewater, Greenhithe, Kent DA9 9SG ","01322 242 000","bluewater2.manager@pizzaexpress.com",""
"PizzaExpress","51.4394","0.26921","DA9 9SE","The Village Bluewater Shopping Centre","The Village, Bluewater, Greenhithe, Kent, DA9 9SE","01322 427 526","BlueWater.Manager@pizzaexpress.com",""
"PizzaExpress","51.44253","-0.1665","SW17 7HR","Wandsworth Trinity Road","198 Trinity Road, Wandsworth, London, SW17 7HR","020 8672 0200","Wandsworth2.Manager@pizzaexpress.com",""
"PizzaExpress","51.4441","-0.15015","SW12 9EY","Balham Bedford Hill","47 Bedford Hill, Balham, London, SW12 9EY","020 8772 3232","Balham.Manager@pizzaexpress.com",""
"PizzaExpress","51.44847","-0.08586","SE21 7AQ","Dulwich Village","94 The Village, Dulwich, London, SE21 7AQ","020 8693 9333","Dulwich.Manager@pizzaexpress.com",""
"PizzaExpress","51.45069","0.0565","SE9 1BJ","Eltham High Street","Unit 1, 168-176 High Street, Eltham SE9 1BJ","0208 104 0324","eltham.manager@pizzaexpress.com",""
"PizzaExpress","51.45296","-0.1011837","SE24 9QH","Brockwell Park Herne Hill","136-140 Herne Hill, London, SE24 9QH","020 7738 3373","HerneHill.Manager@pizzaexpress.com",""
"PizzaExpress","51.45435","-0.14018","SW4 9JX","Clapham Abbeville Road","43 Abbeville Road, Clapham, London SW4 9JX","020 8673 8878","Clapham.Manager@pizzaexpress.com",""
"PizzaExpress","51.45693","0.14087","DA6 7ES","Bexleyheath Broadway","163 Broadway, Bexleyheath, Kent, DA6 7ES","020 8303 3040","Bexleyheath.Manager@pizzaexpress.com",""
"PizzaExpress","51.46023","-0.2135","SW15 2SW","Putney Upper Richmond Road","144 Upper Richmond Road, Putney, London, SW15 2SW","020 8789 1948","Putney.Manager@pizzaexpress.com",""
"PizzaExpress","51.4641","-0.16562","SW11 1LE","Clapham Lavender Hill","230-236 Lavender Hill, Battersea, London, SW11 1LE","020 7223 5677","LavenderHill.Manager@pizzaexpress.com",""
"PizzaExpress","51.46704","0.00735","SE3 0BN","Blackheath Tranquil Vale","64 Tranquil Vale, Blackheath, London, SE3 0BN","020 8318 2595","Blackheath.Manager@pizzaexpress.com",""
"PizzaExpress","51.47315","-0.207907","SW6 5HU","Fulham 895 Fulham Road","895-896 Fulham Road, Fulham, London SW6 5HU","020 7731 3117","Fulham2.Manager@pizzaexpress.com",""
"PizzaExpress","51.4806","-0.00897","SE10 9BG","Greenwich Church Street","4 Church Street, Greenwich, London, SE10 9BG","020 8853 2770","Greenwich.Manager@pizzaexpress.com",""
"PizzaExpress","51.48055","-0.1944","SW6 1BW","Fulham Broadway Shopping Centre","4 Fulham Broadway Retail Centre, London, SW6 1BW","020 7381 1700","FulhamBroadway.Manager@pizzaexpress.com",""
"PizzaExpress","51.48525","-0.18132","SW10 9TN","Fulham 363 Fulham Road","363 Fulham Road, Chelsea, London, SW10 9TN","020 7352 5300","Fulham1.Manager@pizzaexpress.com",""
"PizzaExpress","51.48673","-0.11178","SE11 4LD","London Kennington Road","316 Kennington Road, Kennington, London, SE11 4LD","020 7820 3877","kennington.Manager@pizzaexpress.com",""
"PizzaExpress","51.48778","0.28452","RM20 2ZP","West Thurrock Lakeside Shopping Centre","Unit 423-424 Lakeside Shopping Centre, West Thurrock Way, Grays, Essex, RM20 2ZP","01708 891 080","Lakeside.Manager@pizzaexpress.com",""
"PizzaExpress","51.48891","-0.13726","SW1V 2PB","London Pimlico","46 Moreton Street, Pimlico, London, SW1V 2PB","020 7592 9488","Pimlico.Manager@pizzaexpress.com",""
"PizzaExpress","51.4891","-0.16545","SW3 4UT","London Kings Road","The Pheasantry, 152 Kings Road, London, SW3 4UT","020 7351 5031","Kingsroad.Manager@pizzaexpress.com",""
"PizzaExpress","51.493","-0.125463","SW1P 4QP","London Millbank","25 Millbank, London, SW1P 4QP","020 7976 6214","Millbank.Manager@pizzaexpress.com",""
"PizzaExpress","51.49745","-0.13481","SW1H 0HW","London Victoria Street","85 Victoria Street, London, SW1H 0HW","020 7222 5270","Victoria2.Manager@pizzaexpress.com",""
"PizzaExpress","51.5029831","0.0050486","SE10 0DY","North Greenwich The O2","Unit 8, Entertainment Avenue, The O2, London, SE10 0DY","0208 293 5071","O2.Manager@pizzaexpress.com",""
"PizzaExpress","51.5033","-0.07379","SE1 2YR","London Tower Bridge","The Cardamom Building, 31 Shad Thames, London, SE1 2YR","020 7403 8484","ShadThames.Manager@pizzaexpress.com",""
"PizzaExpress","51.5053","-0.11469","SE1 8YP","London Royal Festival Hall","Unit 3 The White House, 9c Belvedere Road, London, SE1 8YP","020 7928 4091","RoyalFestivalHall.Manager@pizzaexpress.com",""
"PizzaExpress","51.50621","-0.0887","SE1 9QQ","London London Bridge","4 Borough High Street, London Bridge, London, SE1 9QQ","0207 407 2995","londonbridge.manager@pizzaexpress.com",""
"PizzaExpress","51.50805","-0.09591","SE1 9DS","London Bankside","Benbow House, 24 New Globe Walk, London, SE1 9DS","020 7401 3977","Bankside.Manager@pizzaexpress.com",""
"PizzaExpress","51.50984","-0.07997","EC3R 5AS","London Tower Hill","1 Byward Street, London, EC3R 5AS","020 7626 5025","Byward.Manager@pizzaexpress.com",""
"PizzaExpress","51.51147","-0.11821","WC2R 1JA","London Aldwych","147 Strand, Aldwych, London, WC2R 1JA","020 7836 7716","Aldwych.Manager@pizzaexpress.com",""
"PizzaExpress","51.51268","-0.08337","EC3V 1LR","London Leadenhall Market","20-22 Leadenhall Market, London, EC3V 1LR","020 7283 5113","LeadenhallMarket.Manager@pizzaexpress.com",""
"PizzaExpress","51.5134","-0.10024","EC4M 8AY","London St Pauls","Condor House, 5-10 St Paul's Churchyard, London, EC4M 8AY","020 7248 9464","StPauls.Manager@pizzaexpress.com",""
"PizzaExpress","51.51866","-0.07927","EC2M 4QD","London Bishopsgate","232-238 Bishopsgate, London, EC2M 4QD","020 7247 2838","Bishopsgate.Manager@pizzaexpress.com",""
"PizzaExpress","51.54261","0.00148","E15 1BX","Stratford East Theatre Square","Theatre Square, Stratford East, London, E15 1BX","020 8534 1700","StratfordEast.Manager@pizzaexpress.com",""
"PizzaExpress","51.54341","-0.006677","E20 1ET","Stratford Westfield Shopping Centre","Unit LR05, Mezzanine Level, Westfield Centre, Stratford, E20 1ET","0208 5555015","StratfordWestfield.Manager@pizzaexpress.com",""
"PizzaExpress","51.54039","0.7098","SS1 1PE","Southend London Road","11 London Road, Southend-on-Sea, Essex, SS1 1PE","01702 435 585","Southend.Manager@pizzaexpress.com",""
"PizzaExpress","51.5564","0.24893","RM14 2SH","Upminster St Marys Lane","131-133 St Mary's Lane, Upminster, Essex, RM14 2SH","01708 224 111","Upminster.Manager@pizzaexpress.com",""
"PizzaExpress","51.57595","0.18075","RM1 1AU","Romford The Brewery Shopping Centre","Unit FR1 The Brewery, Romford, Essex, RM1 1AU","01708 725 690","Romford.Manager@pizzaexpress.com",""
"PizzaExpress","51.58349","0.465383","SS14 3WE","Basildon Festival Leisure Park","Unit 2, Carnival Close, Festival Leisure Park, Basildon, Essex, SS14 3WE","01268 526 622","Basildon.Manager@pizzaexpress.com",""
"PizzaExpress","51.58619","0.605339","SS6 7EJ","Rayleigh High Street","91 High Street, Rayleigh, Essex, SS6 7EJ","01268 777224  ","rayleigh.manager@pizzaexpress.com",""
"PizzaExpress","51.62132","0.30476","CM14 4RG","Brentwood High Street","5 High Street, Brentwood, Essex, CM14 4RG","01277 233 569","Brentwood.Manager@pizzaexpress.com",""
"PizzaExpress","51.73133","0.47396","CM2 0LR","Chelmsford Moulsham Street","219 Moulsham Street, Chelmsford, Essex, CM2 0LR","01245 491 466","Chelmsford.Manager@pizzaexpress.com",""
"PizzaExpress","51.86915","0.5706","CM77 8YH","Braintree Designer Village","Unit R1, Braintree Designer Village, Charter Way, Braintree, Essex, CM77 8YH","01376 528 789","Braintree.Manager@pizzaexpress.com",""
"PizzaExpress","51.89173","0.89949","CO1 1HF","Colchester St Runwald Street","1 St Runwald Street, Colchester, Essex, CO1 1HF","01206 760 680","Colchester.Manager@pizzaexpress.com",""
"PizzaExpress","52.05256","1.15774","IP4 1FH","Ipswich Regatta Quay","Unit 14, The Cambria, 13 Regatta Quay, Key Street, Ipswich, IP4 1FH","01473 288 600","Ipswich2.Manager@pizzaexpress.com",""
"PizzaExpress","54.57626","-5.95646","BT9 7GQ","Belfast Lisburn Road","551 Lisburn Road, Belfast, Co Antrim, BT9 7GQ","028 9068 7700","Belfast2.Manager@pizzaexpress.com",""
"PizzaExpress","54.5952721","-5.867269","BT4 3FB","Belfast Ballyhackamore","Unit 1, 376-378 Upper Newtownards Road, Ballyhackamore, Belfast, Northern Ireland BT4 3FB","028 9065 7772  ","BelfastBallyhackamore.Manager@pizzaexpress.com",""
"PizzaExpress","54.59411","-5.9327","BT2 7EJ","Belfast  Bedford Street","25 Bedford Street, Belfast, Northern Ireland, BT2 7EJ","028 9032 9050","Belfast.Manager@pizzaexpress.com",""
"PizzaExpress","54.59827","-5.925323","BT1 4QG","Belfast Victoria Square Shopping Centre","Unit TFC6, Victoria Square, Belfast, Northern Ireland, BT1 4QG","028 9031 4449","belfast3.manager@pizzaexpress.com",""
"PizzaExpress","55.88476","-3.51782","EH54 6QP","Livingston Designer Outlet","2 Livingston Designer Outlet, Almondvale, Livingston, West Lothian, EH54 6QP","01506 417543","Livingston.Manager@pizzaexpress.com",""
"PizzaExpress","55.92654","-3.20595","EH10 4RE","Edinburgh Morningside","1 Nile Grove, Hermitage Terrace, Morningside, Edinburgh, EH10 4RE","0131 447 6055","Edinburgh8.Manager@pizzaexpress.com",""
"PizzaExpress","55.93507","-3.104346","EH15 3RD","Edinburgh Fort Kinnaird Shopping Centre","Leisure Quarter, Fort Kinnaird Shopping Centre, Edinburgh","0131 669 9888","Edinburgh9.Manager@pizzaexpress.com",""
"PizzaExpress","55.87899","-4.37137","PA4 8XQ","Braehead Xscape","Intu Soar Centre, Kings Inch Road, Braehead, Renfrew, Scotland, PA4 8XQ","0141 886 4996","Braehead.Manager@pizzaexpress.com",""
"PizzaExpress","55.9493","-3.19206","EH1 1RN","Edinburgh George IV Bridge","1 Victoria Terrace, Edinburgh, Scotland, EH1 2JL","0131 225 9669","Edinburgh6.Manager@pizzaexpress.com",""
"PizzaExpress","55.95067","-3.18743","EH1 1SB","Edinburgh Northbridge","23 North Bridge, Edinburgh, EH1 1SB","0131 557 6411","Edinburgh3.Manager@pizzaexpress.com",""
"PizzaExpress","55.95105","-3.20979","EH2 4QS","Edinburgh Queensferry Street","32 Queensferry Street, Edinburgh, EH2 4QS","0131 225 8863","Edinburgh1.Manager@pizzaexpress.com",""
"PizzaExpress","55.98019","-3.179662","EH6 6JJ","Edinburgh Ocean Terminal Shopping Centre","2a, 2nd Floor, Ocean Terminal Shopping Centre, Edinburgh, EH6 6JJ","0131 555 0606","Edinburgh7.manager@pizzaexpress.com",""
"PizzaExpress","56.11858","-3.935779","FK8 2BX","Stirling Thistles Shopping Centre","The Thistles Shopping Centre, Murray Place, Stirling, Scotland, FK8 2BX","01786 451844","Stirling.Manager@pizzaexpress.com",""
"PizzaExpress","56.34001","-2.7964","KY16 9UH","St Andrews South Street","111 South Street, St Andrews, Fife, KY16 9UH","01334 477109","StAndrews.Manager@pizzaexpress.com",""
"PizzaExpress","56.39707","-3.4348","PH1 5PE","Perth South Methven Street","16 South Methven Street, Perth, PH1 5PE","01738 628 733","Perth.Manager@pizzaexpress.com",""
"PizzaExpress","57.14355","-2.097062","AB11 5RG","Aberdeen Union Square Shopping Centre","Union Square Shopping Centre, Guild Street, Aberdeen, AB11 5RG","01224 592 718","Aberdeen3.Manager@pizzaexpress.com",""
"PizzaExpress","57.14379","-2.10943","AB10 1TQ","Aberdeen Union Street","402-404 Union Street, Aberdeen, AB10 1TQ","01224 649 511","Aberdeen.Manager@pizzaexpress.com",""
"PizzaExpress","57.4793","-4.223","IV2 3PP","Inverness Falcon Square","Unit B Eastgate Centre, Falcon Square, Inverness, IV2 3PP","01463 709 700","Inverness.Manager@pizzaexpress.com",""